{"Normalized_MSE":0.020506858380420438,"_step":300,"Loss":0.020603707961328842,"epoch":299,"_timestamp":1.7774181411445587e+09,"Action_MSE":6.410539210606783e-05,"_wandb":{"runtime":10367},"_runtime":10367.643768805}