{"Loss":0.020316335561147095,"epoch":299,"_timestamp":1.7774161067543683e+09,"Action_MSE":7.539358306197544e-05,"_runtime":10272.802489627,"_wandb":{"runtime":10272},"Normalized_MSE":0.021520114838063122,"_step":300}