{"epoch":299,"_timestamp":1.7774364154966276e+09,"Action_MSE":2.530884613373348e-05,"Normalized_MSE":0.012740462124499495,"_wandb":{"runtime":17634},"_runtime":17634.224577584,"_step":300,"Loss":0.013915805238016799}