{"epoch":0,"_wandb":{"runtime":56},"_runtime":56.510155516,"_timestamp":1.7773846746492531e+09,"_step":1,"Loss":0.4634439406665139}